,id,telefono,nombre,email,tipo de cedula
0,7-7171-3010,+506 8261-1785,Sampson Pinch,Sampson_Pinch@outlook.com,Fisica
1,2-5447-8089,+506 9318-6041,Ellis Lassetter,Ellis_Lassetter@yahoo.com,Fisica
2,0-0052-0484,+506 2829-0794,Gabbey Estable,Gabbey_Estable@outlook.com,Fisica
3,1-7871-4046,+506 0493-5950,Geneva Huyge,Geneva_Huyge@outlook.com,Fisica
4,4-2436-9404,+506 3868-9037,Kenon Redington,Kenon_Redington@yahoo.com,Fisica
5,3-2402-0796,+506 8312-5720,Zebulon Le Merchant,Zebulon_Le Merchant@gmail.com,Fisica
6,7-0608-3892,+506 2363-4583,Gibby Elks,Gibby_Elks@outlook.com,Fisica
7,1-8891-7972,+506 9096-8954,Zelma Fewkes,Zelma_Fewkes@hotmail.com,Fisica
8,2-5340-7263,+506 9736-5380,Teirtza Schenfisch,Teirtza_Schenfisch@hotmail.com,Fisica
9,2-1643-6517,+506 9776-4461,Hoyt Recke,Hoyt_Recke@yahoo.com,Fisica
10,5-9152-4645,+506 5623-1578,Modestine Buye,Modestine_Buye@outlook.com,Fisica
11,6-7715-2373,+506 7447-7230,Finley Furse,Finley_Furse@yahoo.com,Fisica
12,8-1062-8941,+506 6865-8402,Tobin Millmore,Tobin_Millmore@gmail.com,Fisica
13,5-6153-6824,+506 5561-0965,Lawrence Asken,Lawrence_Asken@gmail.com,Fisica
14,0-2369-7932,+506 6423-3418,Bil Blenkharn,Bil_Blenkharn@outlook.com,Fisica
15,6-0758-0096,+506 3512-5270,Michail Toffoloni,Michail_Toffoloni@gmail.com,Fisica
16,5-6923-9991,+506 2275-6097,Carlin Lile,Carlin_Lile@gmail.com,Fisica
17,2-5698-9971,+506 9689-3646,Glyn Momford,Glyn_Momford@yahoo.com,Fisica
18,2-4627-3031,+506 4886-3528,Maxwell Vosse,Maxwell_Vosse@hotmail.com,Fisica
19,2-9504-8843,+506 0837-6600,Davie Nutbean,Davie_Nutbean@hotmail.com,Fisica
20,1-3238-3743,+506 1147-9079,Fran Faires,Fran_Faires@outlook.com,Fisica
21,8-1922-0258,+506 0717-8831,Phaedra Astman,Phaedra_Astman@yahoo.com,Fisica
22,3-8276-8243,+506 4725-3123,Cassondra Laite,Cassondra_Laite@hotmail.com,Fisica
23,5-5085-2194,+506 8836-6420,Tyrus Walklate,Tyrus_Walklate@outlook.com,Fisica
24,4-9377-5823,+506 0755-3610,Dyann Notman,Dyann_Notman@hotmail.com,Fisica
25,7-1158-9452,+506 0901-2516,Roxane Dorton,Roxane_Dorton@yahoo.com,Fisica
26,6-6128-3725,+506 5318-5006,Loree Limbrick,Loree_Limbrick@gmail.com,Fisica
27,3-2831-1037,+506 2127-5071,Gracia Joselovitch,Gracia_Joselovitch@hotmail.com,Fisica
28,2-3553-1611,+506 5487-0081,Tony Cartwight,Tony_Cartwight@hotmail.com,Fisica
29,2-3625-1419,+506 8564-4683,Alice Kuhlmey,Alice_Kuhlmey@outlook.com,Fisica
30,2-5302-0363,+506 8878-3585,Frasier Keniwell,Frasier_Keniwell@gmail.com,Fisica
31,5-6249-5578,+506 7452-2032,Vallie Emanuel,Vallie_Emanuel@outlook.com,Fisica
32,7-2971-4255,+506 7316-7707,Lucine Kingzet,Lucine_Kingzet@outlook.com,Fisica
33,2-1455-1670,+506 7179-2587,Val Robottom,Val_Robottom@gmail.com,Fisica
34,7-4114-4608,+506 6679-6062,Dale Mundell,Dale_Mundell@outlook.com,Fisica
35,2-7817-8134,+506 2893-1468,Veradis Dallicoat,Veradis_Dallicoat@yahoo.com,Fisica
36,5-9029-5421,+506 6076-6341,Tobiah Kembrey,Tobiah_Kembrey@hotmail.com,Fisica
37,5-0753-1337,+506 3715-2639,Percival Drogan,Percival_Drogan@outlook.com,Fisica
38,6-7850-8850,+506 1223-8410,Hermie Sobczak,Hermie_Sobczak@gmail.com,Fisica
39,4-4429-4242,+506 8388-8944,Andree Paler,Andree_Paler@outlook.com,Fisica
40,9-2990-6014,+506 4754-4113,Bridgette Dreger,Bridgette_Dreger@gmail.com,Fisica
41,0-8381-3382,+506 7759-5648,Angelique Fisher,Angelique_Fisher@hotmail.com,Fisica
42,5-1021-2445,+506 1421-1304,Kristel Grossman,Kristel_Grossman@hotmail.com,Fisica
43,9-7761-2292,+506 7667-6168,Maximilian Bernolet,Maximilian_Bernolet@hotmail.com,Fisica
44,4-0394-1779,+506 2089-8669,Elane Stormonth,Elane_Stormonth@yahoo.com,Fisica
45,1-5451-1644,+506 4957-5524,Candide Miner,Candide_Miner@hotmail.com,Fisica
46,2-5408-8633,+506 5500-7728,Valida Dugget,Valida_Dugget@hotmail.com,Fisica
47,1-9942-5734,+506 8289-7963,Ora Allcroft,Ora_Allcroft@hotmail.com,Fisica
48,2-8660-7441,+506 8533-7964,Carlie Luno,Carlie_Luno@yahoo.com,Fisica
49,6-6309-9743,+506 3063-8434,Malory Mapes,Malory_Mapes@yahoo.com,Fisica
50,1-1481-3435,+506 3786-8771,Horten Rayworth,Horten_Rayworth@outlook.com,Fisica
51,1-2724-5513,+506 5578-3546,Alessandra Shaefer,Alessandra_Shaefer@yahoo.com,Fisica
52,1-6263-1590,+506 6406-7416,Craggie Lesper,Craggie_Lesper@outlook.com,Fisica
53,4-5936-1233,+506 5481-7404,Pip Lage,Pip_Lage@gmail.com,Fisica
54,6-8805-8062,+506 8557-9640,Farrel Gunston,Farrel_Gunston@hotmail.com,Fisica
55,3-7215-7669,+506 6480-7985,Ninnetta Nunnerley,Ninnetta_Nunnerley@yahoo.com,Fisica
56,6-2088-5070,+506 7520-0523,Justinian Feltoe,Justinian_Feltoe@hotmail.com,Fisica
57,0-3384-6317,+506 7473-7885,Coriss Carruthers,Coriss_Carruthers@yahoo.com,Fisica
58,1-3800-3467,+506 8639-7698,Raul Horche,Raul_Horche@gmail.com,Fisica
59,1-9024-7455,+506 9772-8058,Meryl Petr,Meryl_Petr@outlook.com,Fisica
60,0-3986-3717,+506 6496-6828,Maible Baseley,Maible_Baseley@outlook.com,Fisica
61,9-9459-3708,+506 7246-9338,Rene Ertelt,Rene_Ertelt@gmail.com,Fisica
62,0-1206-0531,+506 5591-9417,Padriac Inge,Padriac_Inge@gmail.com,Fisica
63,6-6578-7873,+506 2574-8159,Georg Nellen,Georg_Nellen@hotmail.com,Fisica
64,8-0128-4587,+506 4417-8559,Jay Loftus,Jay_Loftus@outlook.com,Fisica
65,6-5739-6243,+506 8475-7785,Bettina Gemmill,Bettina_Gemmill@gmail.com,Fisica
66,5-5451-8078,+506 0639-9150,Matty McMychem,Matty_McMychem@hotmail.com,Fisica
67,6-3159-3833,+506 4132-6492,Elizabet McRuvie,Elizabet_McRuvie@outlook.com,Fisica
68,5-8335-7636,+506 2248-5672,Irma Shoreson,Irma_Shoreson@outlook.com,Fisica
69,7-8877-5506,+506 0923-6469,Feodora Garbar,Feodora_Garbar@gmail.com,Fisica
70,9-3460-1825,+506 5956-9311,Winn Leemans,Winn_Leemans@hotmail.com,Fisica
71,1-6295-9936,+506 1150-1050,Gaylor Hartus,Gaylor_Hartus@outlook.com,Fisica
72,0-1934-8413,+506 6095-7352,Kearney Tillman,Kearney_Tillman@outlook.com,Fisica
73,1-1789-3929,+506 3639-4850,Ralina Simukov,Ralina_Simukov@gmail.com,Fisica
74,6-5342-2801,+506 1421-0329,Katherina Offord,Katherina_Offord@outlook.com,Fisica
75,1-3654-2741,+506 0615-9425,Elayne Prendergast,Elayne_Prendergast@gmail.com,Fisica
76,3-5746-5428,+506 4395-9211,Dilly Borland,Dilly_Borland@yahoo.com,Fisica
77,4-1770-9234,+506 3108-2318,Torrance Tesauro,Torrance_Tesauro@outlook.com,Fisica
78,4-2327-2402,+506 0557-1209,Cordy Berthome,Cordy_Berthome@hotmail.com,Fisica
79,1-2540-6992,+506 5195-6765,Fanchon Briddock,Fanchon_Briddock@yahoo.com,Fisica
80,0-2354-9009,+506 5914-1498,Joaquin Bangley,Joaquin_Bangley@hotmail.com,Fisica
81,3-7514-2822,+506 0227-4872,Diann Damiral,Diann_Damiral@outlook.com,Fisica
82,5-6878-8263,+506 5425-8991,Devinne Gimson,Devinne_Gimson@gmail.com,Fisica
83,1-9523-5539,+506 8080-1797,Brod Goodredge,Brod_Goodredge@outlook.com,Fisica
84,3-1403-8309,+506 1589-9557,Gracia Legier,Gracia_Legier@yahoo.com,Fisica
85,6-5594-6008,+506 7764-7132,Marielle Woodyear,Marielle_Woodyear@yahoo.com,Fisica
86,8-2136-1897,+506 3295-1900,Val Gleader,Val_Gleader@yahoo.com,Fisica
87,7-7237-4685,+506 1832-2105,Wendy Garfoot,Wendy_Garfoot@outlook.com,Fisica
88,4-8975-6303,+506 0236-2885,Tiffany Tabor,Tiffany_Tabor@outlook.com,Fisica
89,5-6986-2477,+506 5713-4866,Ianthe Umbers,Ianthe_Umbers@outlook.com,Fisica
90,2-8574-9143,+506 9734-3729,Violetta Coppeard,Violetta_Coppeard@outlook.com,Fisica
91,1-9898-0314,+506 8009-2653,Winifred Carmel,Winifred_Carmel@outlook.com,Fisica
92,9-0079-9718,+506 4182-4973,Reynold Rown,Reynold_Rown@yahoo.com,Fisica
93,8-9410-9072,+506 9432-1989,Abie Muffin,Abie_Muffin@yahoo.com,Fisica
94,9-4667-8942,+506 4212-3535,Moore Hedingham,Moore_Hedingham@outlook.com,Fisica
95,8-9332-9239,+506 3491-5536,Yehudi Haccleton,Yehudi_Haccleton@yahoo.com,Fisica
96,7-3065-4623,+506 3603-0281,Jennica Mimmack,Jennica_Mimmack@gmail.com,Fisica
97,5-0192-3753,+506 6247-8215,Federica Snowden,Federica_Snowden@outlook.com,Fisica
98,6-4293-4362,+506 8767-8904,Ewen Sissel,Ewen_Sissel@outlook.com,Fisica
99,7-8657-1477,+506 6601-1074,Ansel Fox,Ansel_Fox@outlook.com,Fisica
0,6-8372-47180,+506 0007-6542,Photobean,Photobean@hotmail.com,Juridica
1,6-1324-78771,+506 9658-2976,Kwimbee,Kwimbee@hotmail.com,Juridica
2,3-2201-60864,+506 7693-9723,Geba,Geba@yahoo.com,Juridica
3,7-2176-92978,+506 2311-1357,Zoomlounge,Zoomlounge@hotmail.com,Juridica
4,8-4596-89425,+506 4424-7990,Blognation,Blognation@gmail.com,Juridica
5,3-3076-28643,+506 9757-4309,Kayveo,Kayveo@hotmail.com,Juridica
6,7-5374-30956,+506 0037-9228,Shuffledrive,Shuffledrive@gmail.com,Juridica
7,1-3415-48153,+506 7248-6050,Pixope,Pixope@gmail.com,Juridica
8,1-0825-52670,+506 8966-5136,Kazu,Kazu@outlook.com,Juridica
9,9-6543-64741,+506 6273-7479,Feedfish,Feedfish@hotmail.com,Juridica
10,6-6836-35596,+506 6652-1382,Gigaclub,Gigaclub@outlook.com,Juridica
11,7-0698-75318,+506 1682-8973,Yakijo,Yakijo@gmail.com,Juridica
12,3-9410-05953,+506 1572-7248,Jetwire,Jetwire@gmail.com,Juridica
13,6-3550-42652,+506 7586-3870,Meezzy,Meezzy@hotmail.com,Juridica
14,0-4669-83083,+506 1576-9291,Geba,Geba@yahoo.com,Juridica
15,7-5591-53777,+506 3892-1740,Cogibox,Cogibox@outlook.com,Juridica
16,1-3158-33993,+506 0819-0292,Divape,Divape@outlook.com,Juridica
17,1-2913-36535,+506 3891-0578,Browsedrive,Browsedrive@yahoo.com,Juridica
18,6-0089-01029,+506 5098-8917,Fivebridge,Fivebridge@yahoo.com,Juridica
19,8-3136-43792,+506 7740-9963,Skiptube,Skiptube@yahoo.com,Juridica
20,9-5128-82564,+506 8883-6640,Ooba,Ooba@yahoo.com,Juridica
21,8-8301-67205,+506 2868-8290,Vimbo,Vimbo@yahoo.com,Juridica
22,2-8668-56327,+506 4336-7898,Tekfly,Tekfly@yahoo.com,Juridica
23,7-3033-16382,+506 9608-0063,Rhyzio,Rhyzio@hotmail.com,Juridica
24,1-7353-87543,+506 2898-5048,Blogtag,Blogtag@outlook.com,Juridica
25,8-8785-41528,+506 4499-8333,Oba,Oba@gmail.com,Juridica
26,5-3446-36291,+506 5074-7433,Meemm,Meemm@outlook.com,Juridica
27,4-3616-51478,+506 5934-0396,Cogibox,Cogibox@outlook.com,Juridica
28,0-7720-92336,+506 7028-9874,Jaxnation,Jaxnation@outlook.com,Juridica
29,0-9691-31902,+506 2352-6805,Shufflebeat,Shufflebeat@yahoo.com,Juridica
30,8-3443-47215,+506 8835-0998,Skippad,Skippad@outlook.com,Juridica
31,3-2703-46622,+506 0933-3087,Flashset,Flashset@outlook.com,Juridica
32,3-7399-15720,+506 8356-6229,Oyope,Oyope@yahoo.com,Juridica
33,0-7914-15906,+506 4286-4496,Cogidoo,Cogidoo@gmail.com,Juridica
34,5-4099-47635,+506 8406-5141,Pixoboo,Pixoboo@yahoo.com,Juridica
35,9-4816-69175,+506 2607-6829,Muxo,Muxo@outlook.com,Juridica
36,0-0177-20053,+506 2956-0802,Wikibox,Wikibox@hotmail.com,Juridica
37,0-3555-57169,+506 3189-8041,Dynazzy,Dynazzy@hotmail.com,Juridica
38,8-8290-17498,+506 4930-3615,Yozio,Yozio@gmail.com,Juridica
39,0-8881-07024,+506 1713-4417,Browsezoom,Browsezoom@yahoo.com,Juridica
40,9-4276-74715,+506 7025-0855,Photofeed,Photofeed@hotmail.com,Juridica
41,2-4006-82879,+506 2544-7720,Wikibox,Wikibox@gmail.com,Juridica
42,7-6091-56383,+506 4817-3924,Snaptags,Snaptags@gmail.com,Juridica
43,2-2385-40677,+506 0554-9435,Demizz,Demizz@hotmail.com,Juridica
44,8-1881-76570,+506 4612-5996,Ailane,Ailane@outlook.com,Juridica
45,0-9379-00390,+506 6845-4860,Photofeed,Photofeed@gmail.com,Juridica
46,6-8263-26682,+506 8923-4153,Voonyx,Voonyx@hotmail.com,Juridica
47,7-6216-97728,+506 5128-0418,Avamm,Avamm@hotmail.com,Juridica
48,3-2553-60290,+506 2059-6133,Yambee,Yambee@gmail.com,Juridica
49,3-8716-40877,+506 2717-7494,Rhybox,Rhybox@yahoo.com,Juridica
50,7-9021-41325,+506 2351-4163,Realbuzz,Realbuzz@gmail.com,Juridica
51,2-3938-36192,+506 8806-9160,Oyoloo,Oyoloo@gmail.com,Juridica
52,5-9388-67072,+506 3624-9679,Yacero,Yacero@yahoo.com,Juridica
53,3-1057-51486,+506 2589-1268,Divavu,Divavu@outlook.com,Juridica
54,6-5580-44853,+506 2110-2212,Realfire,Realfire@hotmail.com,Juridica
55,4-3790-01003,+506 5256-1828,Yambee,Yambee@outlook.com,Juridica
56,6-8636-46288,+506 2754-7691,Dynazzy,Dynazzy@gmail.com,Juridica
57,5-0736-75160,+506 0552-8047,Voonyx,Voonyx@gmail.com,Juridica
58,9-6417-27336,+506 9036-4192,Jabberstorm,Jabberstorm@hotmail.com,Juridica
59,4-2164-52647,+506 9857-1820,Dynazzy,Dynazzy@hotmail.com,Juridica
60,9-9725-04700,+506 7311-7825,Abata,Abata@yahoo.com,Juridica
61,4-0925-53557,+506 9266-8433,Flipstorm,Flipstorm@yahoo.com,Juridica
62,6-4772-04291,+506 6053-4905,Meeveo,Meeveo@yahoo.com,Juridica
63,6-5809-15475,+506 6835-1742,Kwimbee,Kwimbee@yahoo.com,Juridica
64,2-9979-62578,+506 1656-0993,Photofeed,Photofeed@gmail.com,Juridica
65,7-5542-85605,+506 4535-8854,Tazz,Tazz@yahoo.com,Juridica
66,5-4817-44347,+506 9236-9498,Skimia,Skimia@yahoo.com,Juridica
67,5-1747-18405,+506 2513-7260,Jabberstorm,Jabberstorm@outlook.com,Juridica
68,8-7708-59632,+506 4218-2829,Kazio,Kazio@gmail.com,Juridica
69,8-2825-83249,+506 3498-3866,Abata,Abata@gmail.com,Juridica
70,5-5147-99640,+506 6787-5906,Voolia,Voolia@hotmail.com,Juridica
71,4-9158-39171,+506 7722-9230,JumpXS,JumpXS@yahoo.com,Juridica
72,1-8946-11795,+506 0433-3696,Dabjam,Dabjam@outlook.com,Juridica
73,7-5264-39595,+506 6027-4009,Feedbug,Feedbug@gmail.com,Juridica
74,7-8123-72378,+506 2662-3452,Tanoodle,Tanoodle@gmail.com,Juridica
75,8-3186-18018,+506 0324-0567,Youspan,Youspan@gmail.com,Juridica
76,3-7115-55274,+506 3885-7786,Mynte,Mynte@hotmail.com,Juridica
77,9-6856-68421,+506 8239-0098,Shufflester,Shufflester@hotmail.com,Juridica
78,7-9251-21610,+506 2535-8667,Jaxbean,Jaxbean@hotmail.com,Juridica
79,9-6963-11206,+506 4731-5462,Trilia,Trilia@yahoo.com,Juridica
80,8-3111-72633,+506 6678-8470,Twitterbridge,Twitterbridge@yahoo.com,Juridica
81,4-3574-82643,+506 1594-2224,Bubblebox,Bubblebox@gmail.com,Juridica
82,3-3427-76194,+506 0038-9847,Oba,Oba@hotmail.com,Juridica
83,2-0979-30539,+506 7477-5434,Twitterbridge,Twitterbridge@outlook.com,Juridica
84,1-7068-30199,+506 9603-3477,Twitterworks,Twitterworks@outlook.com,Juridica
85,3-0759-92776,+506 8482-8374,Jaxspan,Jaxspan@gmail.com,Juridica
86,2-0956-49150,+506 9263-1229,Feedspan,Feedspan@outlook.com,Juridica
87,4-2241-34083,+506 0554-7400,Skippad,Skippad@gmail.com,Juridica
88,3-4298-55311,+506 0586-8943,Flipstorm,Flipstorm@gmail.com,Juridica
89,0-8766-39097,+506 0136-7539,Thoughtblab,Thoughtblab@outlook.com,Juridica
90,8-5596-93065,+506 7416-1411,Vipe,Vipe@outlook.com,Juridica
91,4-0274-33200,+506 2583-2267,Zava,Zava@gmail.com,Juridica
92,1-3125-34678,+506 2025-4233,Zoomlounge,Zoomlounge@yahoo.com,Juridica
93,8-9714-98924,+506 6305-2317,Jabbertype,Jabbertype@outlook.com,Juridica
94,4-4652-08700,+506 7675-5013,Cogilith,Cogilith@outlook.com,Juridica
95,6-4574-61686,+506 8309-7650,Izio,Izio@gmail.com,Juridica
96,7-2498-77422,+506 0779-1250,Edgepulse,Edgepulse@outlook.com,Juridica
97,7-0923-94891,+506 1518-9237,Oozz,Oozz@hotmail.com,Juridica
98,8-3043-30579,+506 1195-4317,Gigabox,Gigabox@hotmail.com,Juridica
99,4-5962-33678,+506 5004-5403,Katz,Katz@yahoo.com,Juridica
